"LOCATION","INDICATOR","SUBJECT","MEASURE","FREQUENCY","TIME","Value","Flag Codes"
"AUS","HEALTHEXP","TOT","USD_CAP","A","1995",1536.271,
"AUS","HEALTHEXP","TOT","USD_CAP","A","1996",1642.047,
"AUS","HEALTHEXP","TOT","USD_CAP","A","1997",1726.862,
"AUS","HEALTHEXP","TOT","USD_CAP","A","1998",1838.553,"D"
"AUS","HEALTHEXP","TOT","USD_CAP","A","1999",1956.897,"D"
"AUS","HEALTHEXP","TOT","USD_CAP","A","2000",2153.657,"D"
"AUS","HEALTHEXP","TOT","USD_CAP","A","2001",2289.436,"D"
"AUS","HEALTHEXP","TOT","USD_CAP","A","2002",2481.046,"D"
"AUS","HEALTHEXP","TOT","USD_CAP","A","2003",2577.015,"D"
"AUS","HEALTHEXP","TOT","USD_CAP","A","2004",2816.897,"D"
"AUS","HEALTHEXP","TOT","USD_CAP","A","2005",2872.44,"D"
"AUS","HEALTHEXP","TOT","USD_CAP","A","2006",2994.996,"D"
"AUS","HEALTHEXP","TOT","USD_CAP","A","2007",3197.64,"D"
"AUS","HEALTHEXP","TOT","USD_CAP","A","2008",3350.144,"D"
"AUS","HEALTHEXP","TOT","USD_CAP","A","2009",3421.858,"D"
"AUS","HEALTHEXP","TOT","USD_CAP","A","2010",3595.357,"D"
"AUS","HEALTHEXP","TOT","USD_CAP","A","2011",3809.112,"D"
"AUS","HEALTHEXP","TOT","USD_CAP","A","2012",3854.19,"D"
"AUS","HEALTHEXP","TOT","USD_CAP","A","2013",4091.385,"D"
"AUS","HEALTHEXP","TOT","USD_CAP","A","2014",4190.681,"D"
"AUS","HEALTHEXP","TOT","USD_CAP","A","2015",4381.229,"D"
"AUS","HEALTHEXP","TOT","USD_CAP","A","2016",4565.873,"D"
"AUS","HEALTHEXP","TOT","USD_CAP","A","2017",4790.513,
"AUS","HEALTHEXP","TOT","USD_CAP","A","2018",5005.316,
"AUT","HEALTHEXP","TOT","USD_CAP","A","1995",2083.931,
"AUT","HEALTHEXP","TOT","USD_CAP","A","1996",2158.958,
"AUT","HEALTHEXP","TOT","USD_CAP","A","1997",2263.036,
"AUT","HEALTHEXP","TOT","USD_CAP","A","1998",2427.098,
"AUT","HEALTHEXP","TOT","USD_CAP","A","1999",2569.344,
"AUT","HEALTHEXP","TOT","USD_CAP","A","2000",2802.259,
"AUT","HEALTHEXP","TOT","USD_CAP","A","2001",2857.775,
"AUT","HEALTHEXP","TOT","USD_CAP","A","2002",3101.021,
"AUT","HEALTHEXP","TOT","USD_CAP","A","2003",3198.034,
"AUT","HEALTHEXP","TOT","USD_CAP","A","2004",3411.471,"B"
"AUT","HEALTHEXP","TOT","USD_CAP","A","2005",3475.868,
"AUT","HEALTHEXP","TOT","USD_CAP","A","2006",3631.747,
"AUT","HEALTHEXP","TOT","USD_CAP","A","2007",3794.318,
"AUT","HEALTHEXP","TOT","USD_CAP","A","2008",4009.307,
"AUT","HEALTHEXP","TOT","USD_CAP","A","2009",4100.199,
"AUT","HEALTHEXP","TOT","USD_CAP","A","2010",4257.215,
"AUT","HEALTHEXP","TOT","USD_CAP","A","2011",4345.158,
"AUT","HEALTHEXP","TOT","USD_CAP","A","2012",4588.344,
"AUT","HEALTHEXP","TOT","USD_CAP","A","2013",4767.083,
"AUT","HEALTHEXP","TOT","USD_CAP","A","2014",4858.587,
"AUT","HEALTHEXP","TOT","USD_CAP","A","2015",4944.771,
"AUT","HEALTHEXP","TOT","USD_CAP","A","2016",5139.924,
"AUT","HEALTHEXP","TOT","USD_CAP","A","2017",5270.235,
"AUT","HEALTHEXP","TOT","USD_CAP","A","2018",5395.106,"P"
"BEL","HEALTHEXP","TOT","USD_CAP","A","1995",1668.985,"B"
"BEL","HEALTHEXP","TOT","USD_CAP","A","1996",1766.814,
"BEL","HEALTHEXP","TOT","USD_CAP","A","1997",1813.119,
"BEL","HEALTHEXP","TOT","USD_CAP","A","1998",1880.839,
"BEL","HEALTHEXP","TOT","USD_CAP","A","1999",2011.684,
"BEL","HEALTHEXP","TOT","USD_CAP","A","2000",2296.835,
"BEL","HEALTHEXP","TOT","USD_CAP","A","2001",2403.121,
"BEL","HEALTHEXP","TOT","USD_CAP","A","2002",2644.145,
"BEL","HEALTHEXP","TOT","USD_CAP","A","2003",2899.014,
"BEL","HEALTHEXP","TOT","USD_CAP","A","2004",3038.701,
"BEL","HEALTHEXP","TOT","USD_CAP","A","2005",3045.334,
"BEL","HEALTHEXP","TOT","USD_CAP","A","2006",3130.953,
"BEL","HEALTHEXP","TOT","USD_CAP","A","2007",3248.904,
"BEL","HEALTHEXP","TOT","USD_CAP","A","2008",3472.416,
"BEL","HEALTHEXP","TOT","USD_CAP","A","2009",3677.588,
"BEL","HEALTHEXP","TOT","USD_CAP","A","2010",3840.327,
"BEL","HEALTHEXP","TOT","USD_CAP","A","2011",3998.296,
"BEL","HEALTHEXP","TOT","USD_CAP","A","2012",4160.898,
"BEL","HEALTHEXP","TOT","USD_CAP","A","2013",4349.432,
"BEL","HEALTHEXP","TOT","USD_CAP","A","2014",4477.796,
"BEL","HEALTHEXP","TOT","USD_CAP","A","2015",4526.597,
"BEL","HEALTHEXP","TOT","USD_CAP","A","2016",4666.226,
"BEL","HEALTHEXP","TOT","USD_CAP","A","2017",4832.265,
"BEL","HEALTHEXP","TOT","USD_CAP","A","2018",4943.537,"E"
"CAN","HEALTHEXP","TOT","USD_CAP","A","1995",1984.313,
"CAN","HEALTHEXP","TOT","USD_CAP","A","1996",1999.185,
"CAN","HEALTHEXP","TOT","USD_CAP","A","1997",2091.516,
"CAN","HEALTHEXP","TOT","USD_CAP","A","1998",2199.798,
"CAN","HEALTHEXP","TOT","USD_CAP","A","1999",2278.254,
"CAN","HEALTHEXP","TOT","USD_CAP","A","2000",2451.054,
"CAN","HEALTHEXP","TOT","USD_CAP","A","2001",2622.87,
"CAN","HEALTHEXP","TOT","USD_CAP","A","2002",2758.211,
"CAN","HEALTHEXP","TOT","USD_CAP","A","2003",2913.291,
"CAN","HEALTHEXP","TOT","USD_CAP","A","2004",3121.349,
"CAN","HEALTHEXP","TOT","USD_CAP","A","2005",3292.054,
"CAN","HEALTHEXP","TOT","USD_CAP","A","2006",3497.477,
"CAN","HEALTHEXP","TOT","USD_CAP","A","2007",3717.581,
"CAN","HEALTHEXP","TOT","USD_CAP","A","2008",3862.203,
"CAN","HEALTHEXP","TOT","USD_CAP","A","2009",3964.489,
"CAN","HEALTHEXP","TOT","USD_CAP","A","2010",4166.696,
"CAN","HEALTHEXP","TOT","USD_CAP","A","2011",4226.516,
"CAN","HEALTHEXP","TOT","USD_CAP","A","2012",4285.693,
"CAN","HEALTHEXP","TOT","USD_CAP","A","2013",4365.618,
"CAN","HEALTHEXP","TOT","USD_CAP","A","2014",4463.64,
"CAN","HEALTHEXP","TOT","USD_CAP","A","2015",4550.831,
"CAN","HEALTHEXP","TOT","USD_CAP","A","2016",4698.016,
"CAN","HEALTHEXP","TOT","USD_CAP","A","2017",4811.79,"P"
"CAN","HEALTHEXP","TOT","USD_CAP","A","2018",4974.33,"P"
"CZE","HEALTHEXP","TOT","USD_CAP","A","1995",811.849,"B"
"CZE","HEALTHEXP","TOT","USD_CAP","A","1996",861.559,
"CZE","HEALTHEXP","TOT","USD_CAP","A","1997",871.358,
"CZE","HEALTHEXP","TOT","USD_CAP","A","1998",889.615,
"CZE","HEALTHEXP","TOT","USD_CAP","A","1999",951.854,
"CZE","HEALTHEXP","TOT","USD_CAP","A","2000",1025.421,"B"
"CZE","HEALTHEXP","TOT","USD_CAP","A","2001",1159.721,
"CZE","HEALTHEXP","TOT","USD_CAP","A","2002",1267.68,
"CZE","HEALTHEXP","TOT","USD_CAP","A","2003",1393.838,"B"
"CZE","HEALTHEXP","TOT","USD_CAP","A","2004",1464.272,
"CZE","HEALTHEXP","TOT","USD_CAP","A","2005",1523.395,
"CZE","HEALTHEXP","TOT","USD_CAP","A","2006",1558.812,
"CZE","HEALTHEXP","TOT","USD_CAP","A","2007",1659.91,
"CZE","HEALTHEXP","TOT","USD_CAP","A","2008",1822.937,
"CZE","HEALTHEXP","TOT","USD_CAP","A","2009",2053.78,
"CZE","HEALTHEXP","TOT","USD_CAP","A","2010",2001.123,
"CZE","HEALTHEXP","TOT","USD_CAP","A","2011",2041.899,
"CZE","HEALTHEXP","TOT","USD_CAP","A","2012",2090.485,
"CZE","HEALTHEXP","TOT","USD_CAP","A","2013",2448.529,
"CZE","HEALTHEXP","TOT","USD_CAP","A","2014",2564.609,
"CZE","HEALTHEXP","TOT","USD_CAP","A","2015",2545.511,
"CZE","HEALTHEXP","TOT","USD_CAP","A","2016",2627.698,
"CZE","HEALTHEXP","TOT","USD_CAP","A","2017",2850.406,
"CZE","HEALTHEXP","TOT","USD_CAP","A","2018",3057.615,"E"
"DNK","HEALTHEXP","TOT","USD_CAP","A","1995",1713.22,
"DNK","HEALTHEXP","TOT","USD_CAP","A","1996",1812.689,
"DNK","HEALTHEXP","TOT","USD_CAP","A","1997",1889.861,
"DNK","HEALTHEXP","TOT","USD_CAP","A","1998",1913.351,
"DNK","HEALTHEXP","TOT","USD_CAP","A","1999",2181.669,
"DNK","HEALTHEXP","TOT","USD_CAP","A","2000",2344.337,
"DNK","HEALTHEXP","TOT","USD_CAP","A","2001",2471.193,
"DNK","HEALTHEXP","TOT","USD_CAP","A","2002",2711.668,
"DNK","HEALTHEXP","TOT","USD_CAP","A","2003",2723.136,"B"
"DNK","HEALTHEXP","TOT","USD_CAP","A","2004",2921.07,
"DNK","HEALTHEXP","TOT","USD_CAP","A","2005",3014.982,
"DNK","HEALTHEXP","TOT","USD_CAP","A","2006",3286.325,
"DNK","HEALTHEXP","TOT","USD_CAP","A","2007",3561.843,
"DNK","HEALTHEXP","TOT","USD_CAP","A","2008",3777.707,
"DNK","HEALTHEXP","TOT","USD_CAP","A","2009",4025.963,
"DNK","HEALTHEXP","TOT","USD_CAP","A","2010",4160.049,"B"
"DNK","HEALTHEXP","TOT","USD_CAP","A","2011",4169.775,
"DNK","HEALTHEXP","TOT","USD_CAP","A","2012",4315.127,
"DNK","HEALTHEXP","TOT","USD_CAP","A","2013",4455.751,
"DNK","HEALTHEXP","TOT","USD_CAP","A","2014",4536.239,
"DNK","HEALTHEXP","TOT","USD_CAP","A","2015",4674.496,
"DNK","HEALTHEXP","TOT","USD_CAP","A","2016",4774.269,
"DNK","HEALTHEXP","TOT","USD_CAP","A","2017",5024.522,
"DNK","HEALTHEXP","TOT","USD_CAP","A","2018",5298.821,"E"
"FIN","HEALTHEXP","TOT","USD_CAP","A","1995",1344.759,
"FIN","HEALTHEXP","TOT","USD_CAP","A","1996",1417.136,
"FIN","HEALTHEXP","TOT","USD_CAP","A","1997",1473.861,
"FIN","HEALTHEXP","TOT","USD_CAP","A","1998",1523.296,
"FIN","HEALTHEXP","TOT","USD_CAP","A","1999",1609.61,
"FIN","HEALTHEXP","TOT","USD_CAP","A","2000",1807.323,
"FIN","HEALTHEXP","TOT","USD_CAP","A","2001",1908.357,
"FIN","HEALTHEXP","TOT","USD_CAP","A","2002",2122.707,
"FIN","HEALTHEXP","TOT","USD_CAP","A","2003",2197.509,
"FIN","HEALTHEXP","TOT","USD_CAP","A","2004",2394.239,
"FIN","HEALTHEXP","TOT","USD_CAP","A","2005",2480.768,
"FIN","HEALTHEXP","TOT","USD_CAP","A","2006",2654.806,
"FIN","HEALTHEXP","TOT","USD_CAP","A","2007",2902.539,
"FIN","HEALTHEXP","TOT","USD_CAP","A","2008",3134.105,
"FIN","HEALTHEXP","TOT","USD_CAP","A","2009",3172.93,
"FIN","HEALTHEXP","TOT","USD_CAP","A","2010",3308.215,
"FIN","HEALTHEXP","TOT","USD_CAP","A","2011",3474.837,
"FIN","HEALTHEXP","TOT","USD_CAP","A","2012",3651.171,
"FIN","HEALTHEXP","TOT","USD_CAP","A","2013",3794.525,
"FIN","HEALTHEXP","TOT","USD_CAP","A","2014",3812.836,
"FIN","HEALTHEXP","TOT","USD_CAP","A","2015",3990.642,
"FIN","HEALTHEXP","TOT","USD_CAP","A","2016",4023.443,
"FIN","HEALTHEXP","TOT","USD_CAP","A","2017",4126.719,
"FIN","HEALTHEXP","TOT","USD_CAP","A","2018",4228.211,"P"
"FRA","HEALTHEXP","TOT","USD_CAP","A","1995",2098.703,"B"
"FRA","HEALTHEXP","TOT","USD_CAP","A","1996",2167.883,
"FRA","HEALTHEXP","TOT","USD_CAP","A","1997",2234.441,
"FRA","HEALTHEXP","TOT","USD_CAP","A","1998",2320.92,
"FRA","HEALTHEXP","TOT","USD_CAP","A","1999",2431.303,
"FRA","HEALTHEXP","TOT","USD_CAP","A","2000",2685.952,
"FRA","HEALTHEXP","TOT","USD_CAP","A","2001",2873.986,
"FRA","HEALTHEXP","TOT","USD_CAP","A","2002",3152.016,
"FRA","HEALTHEXP","TOT","USD_CAP","A","2003",3056.294,"B"
"FRA","HEALTHEXP","TOT","USD_CAP","A","2004",3171.408,
"FRA","HEALTHEXP","TOT","USD_CAP","A","2005",3264.574,
"FRA","HEALTHEXP","TOT","USD_CAP","A","2006",3445.781,
"FRA","HEALTHEXP","TOT","USD_CAP","A","2007",3593.566,
"FRA","HEALTHEXP","TOT","USD_CAP","A","2008",3733.89,
"FRA","HEALTHEXP","TOT","USD_CAP","A","2009",3894.952,
"FRA","HEALTHEXP","TOT","USD_CAP","A","2010",4048.235,
"FRA","HEALTHEXP","TOT","USD_CAP","A","2011",4168.429,
"FRA","HEALTHEXP","TOT","USD_CAP","A","2012",4306.314,
"FRA","HEALTHEXP","TOT","USD_CAP","A","2013",4557.343,
"FRA","HEALTHEXP","TOT","USD_CAP","A","2014",4641.508,
"FRA","HEALTHEXP","TOT","USD_CAP","A","2015",4675.804,
"FRA","HEALTHEXP","TOT","USD_CAP","A","2016",4844.017,
"FRA","HEALTHEXP","TOT","USD_CAP","A","2017",4930.776,
"FRA","HEALTHEXP","TOT","USD_CAP","A","2018",4964.71,"E"
"DEU","HEALTHEXP","TOT","USD_CAP","A","1995",2344.445,
"DEU","HEALTHEXP","TOT","USD_CAP","A","1996",2476.023,
"DEU","HEALTHEXP","TOT","USD_CAP","A","1997",2490.868,
"DEU","HEALTHEXP","TOT","USD_CAP","A","1998",2561.472,
"DEU","HEALTHEXP","TOT","USD_CAP","A","1999",2693.965,
"DEU","HEALTHEXP","TOT","USD_CAP","A","2000",2889.03,
"DEU","HEALTHEXP","TOT","USD_CAP","A","2001",3003.452,
"DEU","HEALTHEXP","TOT","USD_CAP","A","2002",3234.863,
"DEU","HEALTHEXP","TOT","USD_CAP","A","2003",3321.504,
"DEU","HEALTHEXP","TOT","USD_CAP","A","2004",3382.115,
"DEU","HEALTHEXP","TOT","USD_CAP","A","2005",3420.725,
"DEU","HEALTHEXP","TOT","USD_CAP","A","2006",3553.953,
"DEU","HEALTHEXP","TOT","USD_CAP","A","2007",3739.94,
"DEU","HEALTHEXP","TOT","USD_CAP","A","2008",3942.379,
"DEU","HEALTHEXP","TOT","USD_CAP","A","2009",4156.628,
"DEU","HEALTHEXP","TOT","USD_CAP","A","2010",4411.936,
"DEU","HEALTHEXP","TOT","USD_CAP","A","2011",4558.247,
"DEU","HEALTHEXP","TOT","USD_CAP","A","2012",4734.286,
"DEU","HEALTHEXP","TOT","USD_CAP","A","2013",4947.77,
"DEU","HEALTHEXP","TOT","USD_CAP","A","2014",5142.385,
"DEU","HEALTHEXP","TOT","USD_CAP","A","2015",5291.281,
"DEU","HEALTHEXP","TOT","USD_CAP","A","2016",5550.175,
"DEU","HEALTHEXP","TOT","USD_CAP","A","2017",5847.676,
"DEU","HEALTHEXP","TOT","USD_CAP","A","2018",5986.43,"P"
"GRC","HEALTHEXP","TOT","USD_CAP","A","1995",1190.171,
"GRC","HEALTHEXP","TOT","USD_CAP","A","1996",1233.149,
"GRC","HEALTHEXP","TOT","USD_CAP","A","1997",1287.856,
"GRC","HEALTHEXP","TOT","USD_CAP","A","1998",1327.974,
"GRC","HEALTHEXP","TOT","USD_CAP","A","1999",1390.316,
"GRC","HEALTHEXP","TOT","USD_CAP","A","2000",1417.584,
"GRC","HEALTHEXP","TOT","USD_CAP","A","2001",1700.156,
"GRC","HEALTHEXP","TOT","USD_CAP","A","2002",1951.129,
"GRC","HEALTHEXP","TOT","USD_CAP","A","2003",1987.828,
"GRC","HEALTHEXP","TOT","USD_CAP","A","2004",2059.141,
"GRC","HEALTHEXP","TOT","USD_CAP","A","2005",2304.217,
"GRC","HEALTHEXP","TOT","USD_CAP","A","2006",2497.936,
"GRC","HEALTHEXP","TOT","USD_CAP","A","2007",2615.834,
"GRC","HEALTHEXP","TOT","USD_CAP","A","2008",2833.262,"E"
"GRC","HEALTHEXP","TOT","USD_CAP","A","2009",2760.222,"B"
"GRC","HEALTHEXP","TOT","USD_CAP","A","2010",2617.679,
"GRC","HEALTHEXP","TOT","USD_CAP","A","2011",2307.347,
"GRC","HEALTHEXP","TOT","USD_CAP","A","2012",2167.653,
"GRC","HEALTHEXP","TOT","USD_CAP","A","2013",2091.001,
"GRC","HEALTHEXP","TOT","USD_CAP","A","2014",2042.262,
"GRC","HEALTHEXP","TOT","USD_CAP","A","2015",2100.338,
"GRC","HEALTHEXP","TOT","USD_CAP","A","2016",2198.044,
"GRC","HEALTHEXP","TOT","USD_CAP","A","2017",2207.064,
"GRC","HEALTHEXP","TOT","USD_CAP","A","2018",2238.171,"E"
"HUN","HEALTHEXP","TOT","USD_CAP","A","1995",688.424,
"HUN","HEALTHEXP","TOT","USD_CAP","A","1996",694.154,
"HUN","HEALTHEXP","TOT","USD_CAP","A","1997",698.693,
"HUN","HEALTHEXP","TOT","USD_CAP","A","1998",768.503,"B"
"HUN","HEALTHEXP","TOT","USD_CAP","A","1999",823.236,
"HUN","HEALTHEXP","TOT","USD_CAP","A","2000",906.357,
"HUN","HEALTHEXP","TOT","USD_CAP","A","2001",995.579,
"HUN","HEALTHEXP","TOT","USD_CAP","A","2002",1167.234,
"HUN","HEALTHEXP","TOT","USD_CAP","A","2003",1364.876,"B"
"HUN","HEALTHEXP","TOT","USD_CAP","A","2004",1381.682,
"HUN","HEALTHEXP","TOT","USD_CAP","A","2005",1463.525,
"HUN","HEALTHEXP","TOT","USD_CAP","A","2006",1510.113,
"HUN","HEALTHEXP","TOT","USD_CAP","A","2007",1429.546,
"HUN","HEALTHEXP","TOT","USD_CAP","A","2008",1492.593,
"HUN","HEALTHEXP","TOT","USD_CAP","A","2009",1496.238,
"HUN","HEALTHEXP","TOT","USD_CAP","A","2010",1665.516,
"HUN","HEALTHEXP","TOT","USD_CAP","A","2011",1755.527,
"HUN","HEALTHEXP","TOT","USD_CAP","A","2012",1766.535,
"HUN","HEALTHEXP","TOT","USD_CAP","A","2013",1821.58,
"HUN","HEALTHEXP","TOT","USD_CAP","A","2014",1863.754,
"HUN","HEALTHEXP","TOT","USD_CAP","A","2015",1891.727,
"HUN","HEALTHEXP","TOT","USD_CAP","A","2016",1965.018,
"HUN","HEALTHEXP","TOT","USD_CAP","A","2017",1996.449,
"HUN","HEALTHEXP","TOT","USD_CAP","A","2018",2046.777,"P"
"ISL","HEALTHEXP","TOT","USD_CAP","A","1995",1808.776,
"ISL","HEALTHEXP","TOT","USD_CAP","A","1996",1885.169,
"ISL","HEALTHEXP","TOT","USD_CAP","A","1997",2017.173,
"ISL","HEALTHEXP","TOT","USD_CAP","A","1998",2333.388,
"ISL","HEALTHEXP","TOT","USD_CAP","A","1999",2575.561,
"ISL","HEALTHEXP","TOT","USD_CAP","A","2000",2666.345,
"ISL","HEALTHEXP","TOT","USD_CAP","A","2001",2760.123,
"ISL","HEALTHEXP","TOT","USD_CAP","A","2002",3077.186,
"ISL","HEALTHEXP","TOT","USD_CAP","A","2003",3182.005,
"ISL","HEALTHEXP","TOT","USD_CAP","A","2004",3312.748,"D"
"ISL","HEALTHEXP","TOT","USD_CAP","A","2005",3346.131,"D"
"ISL","HEALTHEXP","TOT","USD_CAP","A","2006",3449.169,"D"
"ISL","HEALTHEXP","TOT","USD_CAP","A","2007",3653.805,"D"
"ISL","HEALTHEXP","TOT","USD_CAP","A","2008",3682.94,"D"
"ISL","HEALTHEXP","TOT","USD_CAP","A","2009",3528.951,"D"
"ISL","HEALTHEXP","TOT","USD_CAP","A","2010",3313.144,"D"
"ISL","HEALTHEXP","TOT","USD_CAP","A","2011",3318.185,"B"
"ISL","HEALTHEXP","TOT","USD_CAP","A","2012",3398.479,
"ISL","HEALTHEXP","TOT","USD_CAP","A","2013",3497.722,
"ISL","HEALTHEXP","TOT","USD_CAP","A","2014",3599.475,
"ISL","HEALTHEXP","TOT","USD_CAP","A","2015",3735.245,
"ISL","HEALTHEXP","TOT","USD_CAP","A","2016",3916.333,
"ISL","HEALTHEXP","TOT","USD_CAP","A","2017",4153.873,
"ISL","HEALTHEXP","TOT","USD_CAP","A","2018",4349.094,"E"
"IRL","HEALTHEXP","TOT","USD_CAP","A","1995",1129.311,
"IRL","HEALTHEXP","TOT","USD_CAP","A","1996",1184.864,
"IRL","HEALTHEXP","TOT","USD_CAP","A","1997",1287.25,
"IRL","HEALTHEXP","TOT","USD_CAP","A","1998",1394.997,
"IRL","HEALTHEXP","TOT","USD_CAP","A","1999",1498.298,
"IRL","HEALTHEXP","TOT","USD_CAP","A","2000",1828.715,
"IRL","HEALTHEXP","TOT","USD_CAP","A","2001",2133.39,
"IRL","HEALTHEXP","TOT","USD_CAP","A","2002",2418.861,
"IRL","HEALTHEXP","TOT","USD_CAP","A","2003",2578.828,
"IRL","HEALTHEXP","TOT","USD_CAP","A","2004",2805.237,
"IRL","HEALTHEXP","TOT","USD_CAP","A","2005",3093.376,
"IRL","HEALTHEXP","TOT","USD_CAP","A","2006",3202.393,
"IRL","HEALTHEXP","TOT","USD_CAP","A","2007",3383.04,
"IRL","HEALTHEXP","TOT","USD_CAP","A","2008",3643.273,
"IRL","HEALTHEXP","TOT","USD_CAP","A","2009",3864.534,
"IRL","HEALTHEXP","TOT","USD_CAP","A","2010",4049.297,
"IRL","HEALTHEXP","TOT","USD_CAP","A","2011",4206.865,"B"
"IRL","HEALTHEXP","TOT","USD_CAP","A","2012",4373.285,
"IRL","HEALTHEXP","TOT","USD_CAP","A","2013",4302.337,
"IRL","HEALTHEXP","TOT","USD_CAP","A","2014",4251.482,
"IRL","HEALTHEXP","TOT","USD_CAP","A","2015",4301.85,
"IRL","HEALTHEXP","TOT","USD_CAP","A","2016",4470.748,
"IRL","HEALTHEXP","TOT","USD_CAP","A","2017",4631.116,
"IRL","HEALTHEXP","TOT","USD_CAP","A","2018",4915.493,"E"
"ITA","HEALTHEXP","TOT","USD_CAP","A","1995",1463.277,"B"
"ITA","HEALTHEXP","TOT","USD_CAP","A","1996",1527.799,
"ITA","HEALTHEXP","TOT","USD_CAP","A","1997",1650.202,
"ITA","HEALTHEXP","TOT","USD_CAP","A","1998",1735.876,
"ITA","HEALTHEXP","TOT","USD_CAP","A","1999",1802.03,
"ITA","HEALTHEXP","TOT","USD_CAP","A","2000",2029.341,
"ITA","HEALTHEXP","TOT","USD_CAP","A","2001",2150.75,
"ITA","HEALTHEXP","TOT","USD_CAP","A","2002",2292.714,
"ITA","HEALTHEXP","TOT","USD_CAP","A","2003",2289.37,
"ITA","HEALTHEXP","TOT","USD_CAP","A","2004",2451.404,
"ITA","HEALTHEXP","TOT","USD_CAP","A","2005",2504.099,
"ITA","HEALTHEXP","TOT","USD_CAP","A","2006",2660.154,
"ITA","HEALTHEXP","TOT","USD_CAP","A","2007",2694.693,
"ITA","HEALTHEXP","TOT","USD_CAP","A","2008",2932.455,
"ITA","HEALTHEXP","TOT","USD_CAP","A","2009",2944.668,
"ITA","HEALTHEXP","TOT","USD_CAP","A","2010",3103.169,
"ITA","HEALTHEXP","TOT","USD_CAP","A","2011",3098.256,
"ITA","HEALTHEXP","TOT","USD_CAP","A","2012",3110.555,"B"
"ITA","HEALTHEXP","TOT","USD_CAP","A","2013",3088.556,
"ITA","HEALTHEXP","TOT","USD_CAP","A","2014",3075.431,
"ITA","HEALTHEXP","TOT","USD_CAP","A","2015",3129.27,
"ITA","HEALTHEXP","TOT","USD_CAP","A","2016",3264.368,
"ITA","HEALTHEXP","TOT","USD_CAP","A","2017",3376.315,
"ITA","HEALTHEXP","TOT","USD_CAP","A","2018",3427.807,"P"
"JPN","HEALTHEXP","TOT","USD_CAP","A","1995",1408.389,
"JPN","HEALTHEXP","TOT","USD_CAP","A","1996",1432.447,
"JPN","HEALTHEXP","TOT","USD_CAP","A","1997",1526.474,
"JPN","HEALTHEXP","TOT","USD_CAP","A","1998",1569.295,
"JPN","HEALTHEXP","TOT","USD_CAP","A","1999",1667.922,
"JPN","HEALTHEXP","TOT","USD_CAP","A","2000",1850.833,
"JPN","HEALTHEXP","TOT","USD_CAP","A","2001",1942.812,
"JPN","HEALTHEXP","TOT","USD_CAP","A","2002",2065.133,
"JPN","HEALTHEXP","TOT","USD_CAP","A","2003",2196.742,
"JPN","HEALTHEXP","TOT","USD_CAP","A","2004",2306.004,
"JPN","HEALTHEXP","TOT","USD_CAP","A","2005",2471.186,
"JPN","HEALTHEXP","TOT","USD_CAP","A","2006",2559.458,
"JPN","HEALTHEXP","TOT","USD_CAP","A","2007",2688.702,
"JPN","HEALTHEXP","TOT","USD_CAP","A","2008",2799.198,
"JPN","HEALTHEXP","TOT","USD_CAP","A","2009",2974.458,
"JPN","HEALTHEXP","TOT","USD_CAP","A","2010",3169.521,
"JPN","HEALTHEXP","TOT","USD_CAP","A","2011",3740.756,"B"
"JPN","HEALTHEXP","TOT","USD_CAP","A","2012",3970.765,
"JPN","HEALTHEXP","TOT","USD_CAP","A","2013",4308.252,
"JPN","HEALTHEXP","TOT","USD_CAP","A","2014",4328.364,
"JPN","HEALTHEXP","TOT","USD_CAP","A","2015",4516.862,
"JPN","HEALTHEXP","TOT","USD_CAP","A","2016",4512.845,
"JPN","HEALTHEXP","TOT","USD_CAP","A","2017",4629.559,"P"
"JPN","HEALTHEXP","TOT","USD_CAP","A","2018",4766.071,"P"
"KOR","HEALTHEXP","TOT","USD_CAP","A","1995",515.493,
"KOR","HEALTHEXP","TOT","USD_CAP","A","1996",575.564,
"KOR","HEALTHEXP","TOT","USD_CAP","A","1997",599.514,
"KOR","HEALTHEXP","TOT","USD_CAP","A","1998",580.454,
"KOR","HEALTHEXP","TOT","USD_CAP","A","1999",662.546,
"KOR","HEALTHEXP","TOT","USD_CAP","A","2000",725.774,
"KOR","HEALTHEXP","TOT","USD_CAP","A","2001",865.343,
"KOR","HEALTHEXP","TOT","USD_CAP","A","2002",891.616,
"KOR","HEALTHEXP","TOT","USD_CAP","A","2003",979.607,
"KOR","HEALTHEXP","TOT","USD_CAP","A","2004",1038.98,
"KOR","HEALTHEXP","TOT","USD_CAP","A","2005",1141.741,
"KOR","HEALTHEXP","TOT","USD_CAP","A","2006",1286.216,
"KOR","HEALTHEXP","TOT","USD_CAP","A","2007",1442.659,
"KOR","HEALTHEXP","TOT","USD_CAP","A","2008",1565.436,
"KOR","HEALTHEXP","TOT","USD_CAP","A","2009",1696.945,
"KOR","HEALTHEXP","TOT","USD_CAP","A","2010",1889.883,
"KOR","HEALTHEXP","TOT","USD_CAP","A","2011",1976.809,
"KOR","HEALTHEXP","TOT","USD_CAP","A","2012",2079.906,
"KOR","HEALTHEXP","TOT","USD_CAP","A","2013",2134.998,
"KOR","HEALTHEXP","TOT","USD_CAP","A","2014",2235.716,
"KOR","HEALTHEXP","TOT","USD_CAP","A","2015",2488.016,
"KOR","HEALTHEXP","TOT","USD_CAP","A","2016",2678.23,
"KOR","HEALTHEXP","TOT","USD_CAP","A","2017",2870.253,
"KOR","HEALTHEXP","TOT","USD_CAP","A","2018",3191.554,"P"
"LUX","HEALTHEXP","TOT","USD_CAP","A","1995",2095.455,"D"
"LUX","HEALTHEXP","TOT","USD_CAP","A","1996",2216.048,"D"
"LUX","HEALTHEXP","TOT","USD_CAP","A","1997",2268.142,"D"
"LUX","HEALTHEXP","TOT","USD_CAP","A","1998",2427.138,"D"
"LUX","HEALTHEXP","TOT","USD_CAP","A","1999",2827.654,
"LUX","HEALTHEXP","TOT","USD_CAP","A","2000",3409.348,"B"
"LUX","HEALTHEXP","TOT","USD_CAP","A","2001",3712.747,
"LUX","HEALTHEXP","TOT","USD_CAP","A","2002",4248.808,
"LUX","HEALTHEXP","TOT","USD_CAP","A","2003",4411.598,
"LUX","HEALTHEXP","TOT","USD_CAP","A","2004",4776.724,
"LUX","HEALTHEXP","TOT","USD_CAP","A","2005",4881.401,
"LUX","HEALTHEXP","TOT","USD_CAP","A","2006",5149.52,
"LUX","HEALTHEXP","TOT","USD_CAP","A","2007",5084.77,
"LUX","HEALTHEXP","TOT","USD_CAP","A","2008",5431.112,
"LUX","HEALTHEXP","TOT","USD_CAP","A","2009",5724.101,
"LUX","HEALTHEXP","TOT","USD_CAP","A","2010",5622.75,
"LUX","HEALTHEXP","TOT","USD_CAP","A","2011",4830.517,"B"
"LUX","HEALTHEXP","TOT","USD_CAP","A","2012",5207.355,
"LUX","HEALTHEXP","TOT","USD_CAP","A","2013",4759.016,
"LUX","HEALTHEXP","TOT","USD_CAP","A","2014",4809.236,
"LUX","HEALTHEXP","TOT","USD_CAP","A","2015",4820.829,
"LUX","HEALTHEXP","TOT","USD_CAP","A","2016",4873.862,
"LUX","HEALTHEXP","TOT","USD_CAP","A","2017",4940.672,
"LUX","HEALTHEXP","TOT","USD_CAP","A","2018",5070.172,"E"
"MEX","HEALTHEXP","TOT","USD_CAP","A","1999",465.766,
"MEX","HEALTHEXP","TOT","USD_CAP","A","2000",506.479,
"MEX","HEALTHEXP","TOT","USD_CAP","A","2001",556.216,
"MEX","HEALTHEXP","TOT","USD_CAP","A","2002",589.318,
"MEX","HEALTHEXP","TOT","USD_CAP","A","2003",676.489,"B"
"MEX","HEALTHEXP","TOT","USD_CAP","A","2004",755.402,
"MEX","HEALTHEXP","TOT","USD_CAP","A","2005",760.927,
"MEX","HEALTHEXP","TOT","USD_CAP","A","2006",812.239,
"MEX","HEALTHEXP","TOT","USD_CAP","A","2007",861.707,
"MEX","HEALTHEXP","TOT","USD_CAP","A","2008",892.652,
"MEX","HEALTHEXP","TOT","USD_CAP","A","2009",906.998,
"MEX","HEALTHEXP","TOT","USD_CAP","A","2010",926.952,
"MEX","HEALTHEXP","TOT","USD_CAP","A","2011",940.11,
"MEX","HEALTHEXP","TOT","USD_CAP","A","2012",1004.16,
"MEX","HEALTHEXP","TOT","USD_CAP","A","2013",1028.09,
"MEX","HEALTHEXP","TOT","USD_CAP","A","2014",1003.868,
"MEX","HEALTHEXP","TOT","USD_CAP","A","2015",1075.433,
"MEX","HEALTHEXP","TOT","USD_CAP","A","2016",1065.875,"B"
"MEX","HEALTHEXP","TOT","USD_CAP","A","2017",1104.972,
"MEX","HEALTHEXP","TOT","USD_CAP","A","2018",1137.964,"E"
"NLD","HEALTHEXP","TOT","USD_CAP","A","1995",1746.81,
"NLD","HEALTHEXP","TOT","USD_CAP","A","1996",1820.824,
"NLD","HEALTHEXP","TOT","USD_CAP","A","1997",1881.613,
"NLD","HEALTHEXP","TOT","USD_CAP","A","1998",2215.7,"B"
"NLD","HEALTHEXP","TOT","USD_CAP","A","1999",2372.005,
"NLD","HEALTHEXP","TOT","USD_CAP","A","2000",2645.877,
"NLD","HEALTHEXP","TOT","USD_CAP","A","2001",2881.777,
"NLD","HEALTHEXP","TOT","USD_CAP","A","2002",3296.964,
"NLD","HEALTHEXP","TOT","USD_CAP","A","2003",3308.9,
"NLD","HEALTHEXP","TOT","USD_CAP","A","2004",3495.24,
"NLD","HEALTHEXP","TOT","USD_CAP","A","2005",3583.454,
"NLD","HEALTHEXP","TOT","USD_CAP","A","2006",3826.415,
"NLD","HEALTHEXP","TOT","USD_CAP","A","2007",4075.45,
"NLD","HEALTHEXP","TOT","USD_CAP","A","2008",4378.383,
"NLD","HEALTHEXP","TOT","USD_CAP","A","2009",4444.424,
"NLD","HEALTHEXP","TOT","USD_CAP","A","2010",4472.695,
"NLD","HEALTHEXP","TOT","USD_CAP","A","2011",4567.357,
"NLD","HEALTHEXP","TOT","USD_CAP","A","2012",4782.366,
"NLD","HEALTHEXP","TOT","USD_CAP","A","2013",4923.877,
"NLD","HEALTHEXP","TOT","USD_CAP","A","2014",4934.583,
"NLD","HEALTHEXP","TOT","USD_CAP","A","2015",4928.366,
"NLD","HEALTHEXP","TOT","USD_CAP","A","2016",5018.406,
"NLD","HEALTHEXP","TOT","USD_CAP","A","2017",5155.043,
"NLD","HEALTHEXP","TOT","USD_CAP","A","2018",5288.436,"P"
"NZL","HEALTHEXP","TOT","USD_CAP","A","1995",1303.951,
"NZL","HEALTHEXP","TOT","USD_CAP","A","1996",1340.513,
"NZL","HEALTHEXP","TOT","USD_CAP","A","1997",1418.189,
"NZL","HEALTHEXP","TOT","USD_CAP","A","1998",1498.221,
"NZL","HEALTHEXP","TOT","USD_CAP","A","1999",1565.445,
"NZL","HEALTHEXP","TOT","USD_CAP","A","2000",1659.44,
"NZL","HEALTHEXP","TOT","USD_CAP","A","2001",1797.648,
"NZL","HEALTHEXP","TOT","USD_CAP","A","2002",1920.964,
"NZL","HEALTHEXP","TOT","USD_CAP","A","2003",1916.372,
"NZL","HEALTHEXP","TOT","USD_CAP","A","2004",2077.423,
"NZL","HEALTHEXP","TOT","USD_CAP","A","2005",2194.439,
"NZL","HEALTHEXP","TOT","USD_CAP","A","2006",2438.053,
"NZL","HEALTHEXP","TOT","USD_CAP","A","2007",2538.799,
"NZL","HEALTHEXP","TOT","USD_CAP","A","2008",2829.765,
"NZL","HEALTHEXP","TOT","USD_CAP","A","2009",2951.423,"P"
"NZL","HEALTHEXP","TOT","USD_CAP","A","2010",3044.547,"P"
"NZL","HEALTHEXP","TOT","USD_CAP","A","2011",3132.308,"P"
"NZL","HEALTHEXP","TOT","USD_CAP","A","2012",3240.034,"P"
"NZL","HEALTHEXP","TOT","USD_CAP","A","2013",3388.248,"P"
"NZL","HEALTHEXP","TOT","USD_CAP","A","2014",3496.098,"P"
"NZL","HEALTHEXP","TOT","USD_CAP","A","2015",3513.375,"P"
"NZL","HEALTHEXP","TOT","USD_CAP","A","2016",3662.218,"P"
"NZL","HEALTHEXP","TOT","USD_CAP","A","2017",3742.228,"P"
"NZL","HEALTHEXP","TOT","USD_CAP","A","2018",3922.635,"P"
"NOR","HEALTHEXP","TOT","USD_CAP","A","1995",1767.807,
"NOR","HEALTHEXP","TOT","USD_CAP","A","1996",1927.574,
"NOR","HEALTHEXP","TOT","USD_CAP","A","1997",2196.446,"B"
"NOR","HEALTHEXP","TOT","USD_CAP","A","1998",2366.474,
"NOR","HEALTHEXP","TOT","USD_CAP","A","1999",2518.86,
"NOR","HEALTHEXP","TOT","USD_CAP","A","2000",2792.135,
"NOR","HEALTHEXP","TOT","USD_CAP","A","2001",2937.017,"B"
"NOR","HEALTHEXP","TOT","USD_CAP","A","2002",3389.226,
"NOR","HEALTHEXP","TOT","USD_CAP","A","2003",3447.974,
"NOR","HEALTHEXP","TOT","USD_CAP","A","2004",3656.159,
"NOR","HEALTHEXP","TOT","USD_CAP","A","2005",3740.873,
"NOR","HEALTHEXP","TOT","USD_CAP","A","2006",3962.883,
"NOR","HEALTHEXP","TOT","USD_CAP","A","2007",4310.264,
"NOR","HEALTHEXP","TOT","USD_CAP","A","2008",4604.504,
"NOR","HEALTHEXP","TOT","USD_CAP","A","2009",4687.112,
"NOR","HEALTHEXP","TOT","USD_CAP","A","2010",4775.15,
"NOR","HEALTHEXP","TOT","USD_CAP","A","2011",4965.184,
"NOR","HEALTHEXP","TOT","USD_CAP","A","2012",5209.577,
"NOR","HEALTHEXP","TOT","USD_CAP","A","2013",5485.874,
"NOR","HEALTHEXP","TOT","USD_CAP","A","2014",5707.377,
"NOR","HEALTHEXP","TOT","USD_CAP","A","2015",5728.329,
"NOR","HEALTHEXP","TOT","USD_CAP","A","2016",5803.702,
"NOR","HEALTHEXP","TOT","USD_CAP","A","2017",6063.613,"P"
"NOR","HEALTHEXP","TOT","USD_CAP","A","2018",6186.92,"P"
"POL","HEALTHEXP","TOT","USD_CAP","A","1995",397.759,
"POL","HEALTHEXP","TOT","USD_CAP","A","1996",454.708,
"POL","HEALTHEXP","TOT","USD_CAP","A","1997",476.413,
"POL","HEALTHEXP","TOT","USD_CAP","A","1998",497.228,
"POL","HEALTHEXP","TOT","USD_CAP","A","1999",572.471,
"POL","HEALTHEXP","TOT","USD_CAP","A","2000",603.789,
"POL","HEALTHEXP","TOT","USD_CAP","A","2001",668.066,
"POL","HEALTHEXP","TOT","USD_CAP","A","2002",774.069,"B"
"POL","HEALTHEXP","TOT","USD_CAP","A","2003",781.586,
"POL","HEALTHEXP","TOT","USD_CAP","A","2004",837.647,
"POL","HEALTHEXP","TOT","USD_CAP","A","2005",834.605,
"POL","HEALTHEXP","TOT","USD_CAP","A","2006",902.61,
"POL","HEALTHEXP","TOT","USD_CAP","A","2007",1050.561,
"POL","HEALTHEXP","TOT","USD_CAP","A","2008",1222.748,
"POL","HEALTHEXP","TOT","USD_CAP","A","2009",1315.65,
"POL","HEALTHEXP","TOT","USD_CAP","A","2010",1422.816,"B"
"POL","HEALTHEXP","TOT","USD_CAP","A","2011",1496.615,
"POL","HEALTHEXP","TOT","USD_CAP","A","2012",1578.599,
"POL","HEALTHEXP","TOT","USD_CAP","A","2013",1670.783,
"POL","HEALTHEXP","TOT","USD_CAP","A","2014",1687.056,
"POL","HEALTHEXP","TOT","USD_CAP","A","2015",1802.995,
"POL","HEALTHEXP","TOT","USD_CAP","A","2016",1915.052,
"POL","HEALTHEXP","TOT","USD_CAP","A","2017",2047.73,
"POL","HEALTHEXP","TOT","USD_CAP","A","2018",2056.358,"P"
"PRT","HEALTHEXP","TOT","USD_CAP","A","1995",1008.669,"B"
"PRT","HEALTHEXP","TOT","USD_CAP","A","1996",1085.132,
"PRT","HEALTHEXP","TOT","USD_CAP","A","1997",1143.267,
"PRT","HEALTHEXP","TOT","USD_CAP","A","1998",1193.702,
"PRT","HEALTHEXP","TOT","USD_CAP","A","1999",1319.759,
"PRT","HEALTHEXP","TOT","USD_CAP","A","2000",1599.426,"B"
"PRT","HEALTHEXP","TOT","USD_CAP","A","2001",1665.389,
"PRT","HEALTHEXP","TOT","USD_CAP","A","2002",1792.284,
"PRT","HEALTHEXP","TOT","USD_CAP","A","2003",1876.249,
"PRT","HEALTHEXP","TOT","USD_CAP","A","2004",2035.41,
"PRT","HEALTHEXP","TOT","USD_CAP","A","2005",2135.366,
"PRT","HEALTHEXP","TOT","USD_CAP","A","2006",2186.499,
"PRT","HEALTHEXP","TOT","USD_CAP","A","2007",2253.204,
"PRT","HEALTHEXP","TOT","USD_CAP","A","2008",2386.065,
"PRT","HEALTHEXP","TOT","USD_CAP","A","2009",2457.329,
"PRT","HEALTHEXP","TOT","USD_CAP","A","2010",2528.8,
"PRT","HEALTHEXP","TOT","USD_CAP","A","2011",2408.055,
"PRT","HEALTHEXP","TOT","USD_CAP","A","2012",2345.629,
"PRT","HEALTHEXP","TOT","USD_CAP","A","2013",2417.038,
"PRT","HEALTHEXP","TOT","USD_CAP","A","2014",2450.887,
"PRT","HEALTHEXP","TOT","USD_CAP","A","2015",2540.072,
"PRT","HEALTHEXP","TOT","USD_CAP","A","2016",2667.691,
"PRT","HEALTHEXP","TOT","USD_CAP","A","2017",2758.526,
"PRT","HEALTHEXP","TOT","USD_CAP","A","2018",2861.383,"P"
"SVK","HEALTHEXP","TOT","USD_CAP","A","1997",648.711,"D"
"SVK","HEALTHEXP","TOT","USD_CAP","A","1998",662.978,"D"
"SVK","HEALTHEXP","TOT","USD_CAP","A","1999",658.135,
"SVK","HEALTHEXP","TOT","USD_CAP","A","2000",690.069,
"SVK","HEALTHEXP","TOT","USD_CAP","A","2001",758.523,
"SVK","HEALTHEXP","TOT","USD_CAP","A","2002",868.625,
"SVK","HEALTHEXP","TOT","USD_CAP","A","2003",876.585,
"SVK","HEALTHEXP","TOT","USD_CAP","A","2004",1100.807,"B"
"SVK","HEALTHEXP","TOT","USD_CAP","A","2005",1191.447,"B"
"SVK","HEALTHEXP","TOT","USD_CAP","A","2006",1341.482,
"SVK","HEALTHEXP","TOT","USD_CAP","A","2007",1583.864,
"SVK","HEALTHEXP","TOT","USD_CAP","A","2008",1687.058,"B"
"SVK","HEALTHEXP","TOT","USD_CAP","A","2009",1813.552,
"SVK","HEALTHEXP","TOT","USD_CAP","A","2010",2010.418,
"SVK","HEALTHEXP","TOT","USD_CAP","A","2011",1974.761,
"SVK","HEALTHEXP","TOT","USD_CAP","A","2012",2097.401,"B"
"SVK","HEALTHEXP","TOT","USD_CAP","A","2013",2153.698,
"SVK","HEALTHEXP","TOT","USD_CAP","A","2014",2010.11,
"SVK","HEALTHEXP","TOT","USD_CAP","A","2015",2059.654,
"SVK","HEALTHEXP","TOT","USD_CAP","A","2016",2187.367,
"SVK","HEALTHEXP","TOT","USD_CAP","A","2017",2187.762,
"SVK","HEALTHEXP","TOT","USD_CAP","A","2018",2290.33,"E"
"ESP","HEALTHEXP","TOT","USD_CAP","A","1995",1125.359,
"ESP","HEALTHEXP","TOT","USD_CAP","A","1996",1178.921,
"ESP","HEALTHEXP","TOT","USD_CAP","A","1997",1230.664,
"ESP","HEALTHEXP","TOT","USD_CAP","A","1998",1301.488,
"ESP","HEALTHEXP","TOT","USD_CAP","A","1999",1370.226,"B"
"ESP","HEALTHEXP","TOT","USD_CAP","A","2000",1523.18,
"ESP","HEALTHEXP","TOT","USD_CAP","A","2001",1634.843,
"ESP","HEALTHEXP","TOT","USD_CAP","A","2002",1803.5,
"ESP","HEALTHEXP","TOT","USD_CAP","A","2003",2008.939,"B"
"ESP","HEALTHEXP","TOT","USD_CAP","A","2004",2116.38,
"ESP","HEALTHEXP","TOT","USD_CAP","A","2005",2203.176,
"ESP","HEALTHEXP","TOT","USD_CAP","A","2006",2379.078,
"ESP","HEALTHEXP","TOT","USD_CAP","A","2007",2468.763,
"ESP","HEALTHEXP","TOT","USD_CAP","A","2008",2658.03,
"ESP","HEALTHEXP","TOT","USD_CAP","A","2009",2737.591,
"ESP","HEALTHEXP","TOT","USD_CAP","A","2010",2724.801,
"ESP","HEALTHEXP","TOT","USD_CAP","A","2011",2724.201,
"ESP","HEALTHEXP","TOT","USD_CAP","A","2012",2726.366,
"ESP","HEALTHEXP","TOT","USD_CAP","A","2013",2764.268,
"ESP","HEALTHEXP","TOT","USD_CAP","A","2014",2852.743,
"ESP","HEALTHEXP","TOT","USD_CAP","A","2015",3024.647,
"ESP","HEALTHEXP","TOT","USD_CAP","A","2016",3105.646,
"ESP","HEALTHEXP","TOT","USD_CAP","A","2017",3224.091,
"ESP","HEALTHEXP","TOT","USD_CAP","A","2018",3322.619,"E"
"SWE","HEALTHEXP","TOT","USD_CAP","A","1995",1593.048,
"SWE","HEALTHEXP","TOT","USD_CAP","A","1996",1689.906,
"SWE","HEALTHEXP","TOT","USD_CAP","A","1997",1708.238,
"SWE","HEALTHEXP","TOT","USD_CAP","A","1998",1807.774,
"SWE","HEALTHEXP","TOT","USD_CAP","A","1999",1959.359,
"SWE","HEALTHEXP","TOT","USD_CAP","A","2000",2194.808,
"SWE","HEALTHEXP","TOT","USD_CAP","A","2001",2414.137,"B"
"SWE","HEALTHEXP","TOT","USD_CAP","A","2002",2656.868,
"SWE","HEALTHEXP","TOT","USD_CAP","A","2003",2696.823,
"SWE","HEALTHEXP","TOT","USD_CAP","A","2004",2793.38,
"SWE","HEALTHEXP","TOT","USD_CAP","A","2005",2831.235,
"SWE","HEALTHEXP","TOT","USD_CAP","A","2006",3026.053,
"SWE","HEALTHEXP","TOT","USD_CAP","A","2007",3233.318,
"SWE","HEALTHEXP","TOT","USD_CAP","A","2008",3433.666,
"SWE","HEALTHEXP","TOT","USD_CAP","A","2009",3472.578,
"SWE","HEALTHEXP","TOT","USD_CAP","A","2010",3446.016,
"SWE","HEALTHEXP","TOT","USD_CAP","A","2011",4484.426,"B"
"SWE","HEALTHEXP","TOT","USD_CAP","A","2012",4693.916,
"SWE","HEALTHEXP","TOT","USD_CAP","A","2013",4750.497,
"SWE","HEALTHEXP","TOT","USD_CAP","A","2014",4882.123,
"SWE","HEALTHEXP","TOT","USD_CAP","A","2015",5027.333,
"SWE","HEALTHEXP","TOT","USD_CAP","A","2016",5048.876,
"SWE","HEALTHEXP","TOT","USD_CAP","A","2017",5264.4,
"SWE","HEALTHEXP","TOT","USD_CAP","A","2018",5447.109,"P"
"CHE","HEALTHEXP","TOT","USD_CAP","A","1995",2731.736,"B"
"CHE","HEALTHEXP","TOT","USD_CAP","A","1996",2896.609,
"CHE","HEALTHEXP","TOT","USD_CAP","A","1997",3010.449,
"CHE","HEALTHEXP","TOT","USD_CAP","A","1998",3135.6,
"CHE","HEALTHEXP","TOT","USD_CAP","A","1999",3257.711,
"CHE","HEALTHEXP","TOT","USD_CAP","A","2000",3490.571,
"CHE","HEALTHEXP","TOT","USD_CAP","A","2001",3735.617,
"CHE","HEALTHEXP","TOT","USD_CAP","A","2002",4079.823,
"CHE","HEALTHEXP","TOT","USD_CAP","A","2003",4117.204,
"CHE","HEALTHEXP","TOT","USD_CAP","A","2004",4314.567,
"CHE","HEALTHEXP","TOT","USD_CAP","A","2005",4316.509,
"CHE","HEALTHEXP","TOT","USD_CAP","A","2006",4401.263,
"CHE","HEALTHEXP","TOT","USD_CAP","A","2007",4780.224,
"CHE","HEALTHEXP","TOT","USD_CAP","A","2008",5105.168,
"CHE","HEALTHEXP","TOT","USD_CAP","A","2009",5281.552,
"CHE","HEALTHEXP","TOT","USD_CAP","A","2010",5296.132,
"CHE","HEALTHEXP","TOT","USD_CAP","A","2011",5477.136,
"CHE","HEALTHEXP","TOT","USD_CAP","A","2012",5795.883,
"CHE","HEALTHEXP","TOT","USD_CAP","A","2013",6188.217,
"CHE","HEALTHEXP","TOT","USD_CAP","A","2014",6439.034,
"CHE","HEALTHEXP","TOT","USD_CAP","A","2015",6760.507,
"CHE","HEALTHEXP","TOT","USD_CAP","A","2016",6942.187,
"CHE","HEALTHEXP","TOT","USD_CAP","A","2017",7146.838,
"CHE","HEALTHEXP","TOT","USD_CAP","A","2018",7316.605,"E"
"TUR","HEALTHEXP","TOT","USD_CAP","A","1995",174.611,"D"
"TUR","HEALTHEXP","TOT","USD_CAP","A","1996",229.92,"D"
"TUR","HEALTHEXP","TOT","USD_CAP","A","1997",265.226,"D"
"TUR","HEALTHEXP","TOT","USD_CAP","A","1998",299.833,"D"
"TUR","HEALTHEXP","TOT","USD_CAP","A","1999",369.102,"B"
"TUR","HEALTHEXP","TOT","USD_CAP","A","2000",431.79,
"TUR","HEALTHEXP","TOT","USD_CAP","A","2001",472.627,
"TUR","HEALTHEXP","TOT","USD_CAP","A","2002",519.978,
"TUR","HEALTHEXP","TOT","USD_CAP","A","2003",509.731,
"TUR","HEALTHEXP","TOT","USD_CAP","A","2004",558.668,
"TUR","HEALTHEXP","TOT","USD_CAP","A","2005",588.128,
"TUR","HEALTHEXP","TOT","USD_CAP","A","2006",677.564,
"TUR","HEALTHEXP","TOT","USD_CAP","A","2007",733.105,
"TUR","HEALTHEXP","TOT","USD_CAP","A","2008",807.052,
"TUR","HEALTHEXP","TOT","USD_CAP","A","2009",817.062,
"TUR","HEALTHEXP","TOT","USD_CAP","A","2010",843.282,
"TUR","HEALTHEXP","TOT","USD_CAP","A","2011",888.309,
"TUR","HEALTHEXP","TOT","USD_CAP","A","2012",894.741,
"TUR","HEALTHEXP","TOT","USD_CAP","A","2013",947.74,
"TUR","HEALTHEXP","TOT","USD_CAP","A","2014",1006.772,
"TUR","HEALTHEXP","TOT","USD_CAP","A","2015",1040.373,
"TUR","HEALTHEXP","TOT","USD_CAP","A","2016",1126.755,
"TUR","HEALTHEXP","TOT","USD_CAP","A","2017",1185.602,
"TUR","HEALTHEXP","TOT","USD_CAP","A","2018",1226.585,"E"
"GBR","HEALTHEXP","TOT","USD_CAP","A","1995",1092.989,
"GBR","HEALTHEXP","TOT","USD_CAP","A","1996",1170.692,
"GBR","HEALTHEXP","TOT","USD_CAP","A","1997",1197.515,"B"
"GBR","HEALTHEXP","TOT","USD_CAP","A","1998",1249.778,
"GBR","HEALTHEXP","TOT","USD_CAP","A","1999",1355.559,
"GBR","HEALTHEXP","TOT","USD_CAP","A","2000",1561.224,
"GBR","HEALTHEXP","TOT","USD_CAP","A","2001",1744.409,
"GBR","HEALTHEXP","TOT","USD_CAP","A","2002",1938.607,
"GBR","HEALTHEXP","TOT","USD_CAP","A","2003",2075.671,
"GBR","HEALTHEXP","TOT","USD_CAP","A","2004",2283.803,
"GBR","HEALTHEXP","TOT","USD_CAP","A","2005",2318.468,
"GBR","HEALTHEXP","TOT","USD_CAP","A","2006",2479.628,
"GBR","HEALTHEXP","TOT","USD_CAP","A","2007",2581.759,
"GBR","HEALTHEXP","TOT","USD_CAP","A","2008",2686.75,
"GBR","HEALTHEXP","TOT","USD_CAP","A","2009",2788.696,
"GBR","HEALTHEXP","TOT","USD_CAP","A","2010",2870.56,
"GBR","HEALTHEXP","TOT","USD_CAP","A","2011",2909.888,
"GBR","HEALTHEXP","TOT","USD_CAP","A","2012",2968.076,
"GBR","HEALTHEXP","TOT","USD_CAP","A","2013",3573.575,"B"
"GBR","HEALTHEXP","TOT","USD_CAP","A","2014",3668.397,
"GBR","HEALTHEXP","TOT","USD_CAP","A","2015",3703.081,
"GBR","HEALTHEXP","TOT","USD_CAP","A","2016",3833.251,
"GBR","HEALTHEXP","TOT","USD_CAP","A","2017",3942.903,
"GBR","HEALTHEXP","TOT","USD_CAP","A","2018",4069.569,"E"
"USA","HEALTHEXP","TOT","USD_CAP","A","1995",3598.378,
"USA","HEALTHEXP","TOT","USD_CAP","A","1996",3747.624,
"USA","HEALTHEXP","TOT","USD_CAP","A","1997",3905.402,
"USA","HEALTHEXP","TOT","USD_CAP","A","1998",4083.054,
"USA","HEALTHEXP","TOT","USD_CAP","A","1999",4289.566,
"USA","HEALTHEXP","TOT","USD_CAP","A","2000",4557.152,
"USA","HEALTHEXP","TOT","USD_CAP","A","2001",4908.715,
"USA","HEALTHEXP","TOT","USD_CAP","A","2002",5326.083,
"USA","HEALTHEXP","TOT","USD_CAP","A","2003",5735.516,
"USA","HEALTHEXP","TOT","USD_CAP","A","2004",6094.229,
"USA","HEALTHEXP","TOT","USD_CAP","A","2005",6443.319,
"USA","HEALTHEXP","TOT","USD_CAP","A","2006",6807.131,
"USA","HEALTHEXP","TOT","USD_CAP","A","2007",7160.704,
"USA","HEALTHEXP","TOT","USD_CAP","A","2008",7403.141,
"USA","HEALTHEXP","TOT","USD_CAP","A","2009",7681.982,
"USA","HEALTHEXP","TOT","USD_CAP","A","2010",7939.349,
"USA","HEALTHEXP","TOT","USD_CAP","A","2011",8154.364,
"USA","HEALTHEXP","TOT","USD_CAP","A","2012",8423.311,
"USA","HEALTHEXP","TOT","USD_CAP","A","2013",8628.561,
"USA","HEALTHEXP","TOT","USD_CAP","A","2014",9042.281,
"USA","HEALTHEXP","TOT","USD_CAP","A","2015",9505.074,
"USA","HEALTHEXP","TOT","USD_CAP","A","2016",9903.651,
"USA","HEALTHEXP","TOT","USD_CAP","A","2017",10206.51,
"USA","HEALTHEXP","TOT","USD_CAP","A","2018",10586.084,"E"
"CHL","HEALTHEXP","TOT","USD_CAP","A","2000",589.21,
"CHL","HEALTHEXP","TOT","USD_CAP","A","2001",618.865,
"CHL","HEALTHEXP","TOT","USD_CAP","A","2002",653.681,
"CHL","HEALTHEXP","TOT","USD_CAP","A","2003",707.557,
"CHL","HEALTHEXP","TOT","USD_CAP","A","2004",767.547,
"CHL","HEALTHEXP","TOT","USD_CAP","A","2005",811.603,
"CHL","HEALTHEXP","TOT","USD_CAP","A","2006",960.406,
"CHL","HEALTHEXP","TOT","USD_CAP","A","2007",1061.561,
"CHL","HEALTHEXP","TOT","USD_CAP","A","2008",1130.149,
"CHL","HEALTHEXP","TOT","USD_CAP","A","2009",1310.905,
"CHL","HEALTHEXP","TOT","USD_CAP","A","2010",1254.092,
"CHL","HEALTHEXP","TOT","USD_CAP","A","2011",1355.345,
"CHL","HEALTHEXP","TOT","USD_CAP","A","2012",1485.173,
"CHL","HEALTHEXP","TOT","USD_CAP","A","2013",1656.262,
"CHL","HEALTHEXP","TOT","USD_CAP","A","2014",1751.892,
"CHL","HEALTHEXP","TOT","USD_CAP","A","2015",1837.686,
"CHL","HEALTHEXP","TOT","USD_CAP","A","2016",1897.797,
"CHL","HEALTHEXP","TOT","USD_CAP","A","2017",2095.28,
"CHL","HEALTHEXP","TOT","USD_CAP","A","2018",2181.726,"P"
"EST","HEALTHEXP","TOT","USD_CAP","A","1999",510.2,
"EST","HEALTHEXP","TOT","USD_CAP","A","2000",542.703,
"EST","HEALTHEXP","TOT","USD_CAP","A","2001",544.97,
"EST","HEALTHEXP","TOT","USD_CAP","A","2002",624.72,
"EST","HEALTHEXP","TOT","USD_CAP","A","2003",700.304,
"EST","HEALTHEXP","TOT","USD_CAP","A","2004",814.227,
"EST","HEALTHEXP","TOT","USD_CAP","A","2005",888.889,
"EST","HEALTHEXP","TOT","USD_CAP","A","2006",945.389,
"EST","HEALTHEXP","TOT","USD_CAP","A","2007",1137.476,
"EST","HEALTHEXP","TOT","USD_CAP","A","2008",1291.739,
"EST","HEALTHEXP","TOT","USD_CAP","A","2009",1310.758,
"EST","HEALTHEXP","TOT","USD_CAP","A","2010",1362.93,
"EST","HEALTHEXP","TOT","USD_CAP","A","2011",1403.665,
"EST","HEALTHEXP","TOT","USD_CAP","A","2012",1515.085,
"EST","HEALTHEXP","TOT","USD_CAP","A","2013",1636.092,
"EST","HEALTHEXP","TOT","USD_CAP","A","2014",1752.164,
"EST","HEALTHEXP","TOT","USD_CAP","A","2015",1868.235,
"EST","HEALTHEXP","TOT","USD_CAP","A","2016",2012.957,
"EST","HEALTHEXP","TOT","USD_CAP","A","2017",2120.49,
"EST","HEALTHEXP","TOT","USD_CAP","A","2018",2231.406,"P"
"ISR","HEALTHEXP","TOT","USD_CAP","A","1995",1180.603,
"ISR","HEALTHEXP","TOT","USD_CAP","A","1996",1255.309,
"ISR","HEALTHEXP","TOT","USD_CAP","A","1997",1342.847,
"ISR","HEALTHEXP","TOT","USD_CAP","A","1998",1382.958,
"ISR","HEALTHEXP","TOT","USD_CAP","A","1999",1369.363,
"ISR","HEALTHEXP","TOT","USD_CAP","A","2000",1550.072,
"ISR","HEALTHEXP","TOT","USD_CAP","A","2001",1651.478,
"ISR","HEALTHEXP","TOT","USD_CAP","A","2002",1691.491,
"ISR","HEALTHEXP","TOT","USD_CAP","A","2003",1633.768,
"ISR","HEALTHEXP","TOT","USD_CAP","A","2004",1708.173,
"ISR","HEALTHEXP","TOT","USD_CAP","A","2005",1756.34,
"ISR","HEALTHEXP","TOT","USD_CAP","A","2006",1746.907,"B"
"ISR","HEALTHEXP","TOT","USD_CAP","A","2007",1854.384,
"ISR","HEALTHEXP","TOT","USD_CAP","A","2008",1844.723,
"ISR","HEALTHEXP","TOT","USD_CAP","A","2009",1915.544,
"ISR","HEALTHEXP","TOT","USD_CAP","A","2010",1975.257,
"ISR","HEALTHEXP","TOT","USD_CAP","A","2011",2081.778,
"ISR","HEALTHEXP","TOT","USD_CAP","A","2012",2223.345,
"ISR","HEALTHEXP","TOT","USD_CAP","A","2013",2238.455,
"ISR","HEALTHEXP","TOT","USD_CAP","A","2014",2237.462,
"ISR","HEALTHEXP","TOT","USD_CAP","A","2015",2309.13,
"ISR","HEALTHEXP","TOT","USD_CAP","A","2016",2551.4,
"ISR","HEALTHEXP","TOT","USD_CAP","A","2017",2666.404,
"ISR","HEALTHEXP","TOT","USD_CAP","A","2018",2779.656,"E"
"SVN","HEALTHEXP","TOT","USD_CAP","A","2000",1463.19,"E"
"SVN","HEALTHEXP","TOT","USD_CAP","A","2001",1553.257,"E"
"SVN","HEALTHEXP","TOT","USD_CAP","A","2002",1736.558,
"SVN","HEALTHEXP","TOT","USD_CAP","A","2003",1786.42,
"SVN","HEALTHEXP","TOT","USD_CAP","A","2004",1858.078,
"SVN","HEALTHEXP","TOT","USD_CAP","A","2005",1900.012,
"SVN","HEALTHEXP","TOT","USD_CAP","A","2006",1984.836,
"SVN","HEALTHEXP","TOT","USD_CAP","A","2007",2065.298,
"SVN","HEALTHEXP","TOT","USD_CAP","A","2008",2297.536,
"SVN","HEALTHEXP","TOT","USD_CAP","A","2009",2271.269,
"SVN","HEALTHEXP","TOT","USD_CAP","A","2010",2318.485,
"SVN","HEALTHEXP","TOT","USD_CAP","A","2011",2376.637,
"SVN","HEALTHEXP","TOT","USD_CAP","A","2012",2431.003,
"SVN","HEALTHEXP","TOT","USD_CAP","A","2013",2495.279,
"SVN","HEALTHEXP","TOT","USD_CAP","A","2014",2499.108,
"SVN","HEALTHEXP","TOT","USD_CAP","A","2015",2574.155,
"SVN","HEALTHEXP","TOT","USD_CAP","A","2016",2682.92,
"SVN","HEALTHEXP","TOT","USD_CAP","A","2017",2801.233,
"SVN","HEALTHEXP","TOT","USD_CAP","A","2018",2859.446,"P"
"BRA","HEALTHEXP","TOT","USD_CAP","A","2000",538.81,"E"
"BRA","HEALTHEXP","TOT","USD_CAP","A","2001",575.609,"E"
"BRA","HEALTHEXP","TOT","USD_CAP","A","2002",612.625,"E"
"BRA","HEALTHEXP","TOT","USD_CAP","A","2003",586.175,"E"
"BRA","HEALTHEXP","TOT","USD_CAP","A","2004",630.868,"E"
"BRA","HEALTHEXP","TOT","USD_CAP","A","2005",661.548,"E"
"BRA","HEALTHEXP","TOT","USD_CAP","A","2006",738.721,"E"
"BRA","HEALTHEXP","TOT","USD_CAP","A","2007",814.279,"E"
"BRA","HEALTHEXP","TOT","USD_CAP","A","2008",884.206,"E"
"BRA","HEALTHEXP","TOT","USD_CAP","A","2009",933.768,"E"
"BRA","HEALTHEXP","TOT","USD_CAP","A","2010",987.223,"E"
"BRA","HEALTHEXP","TOT","USD_CAP","A","2011",1045.13,"E"
"BRA","HEALTHEXP","TOT","USD_CAP","A","2012",1096.497,"E"
"BRA","HEALTHEXP","TOT","USD_CAP","A","2013",1185.937,"E"
"BRA","HEALTHEXP","TOT","USD_CAP","A","2014",1282.215,"E"
"BRA","HEALTHEXP","TOT","USD_CAP","A","2015",1279.359,"E"
"BRA","HEALTHEXP","TOT","USD_CAP","A","2016",1281.617,"E"
"CHN","HEALTHEXP","TOT","USD_CAP","A","2000",94.671,
"CHN","HEALTHEXP","TOT","USD_CAP","A","2001",100.256,
"CHN","HEALTHEXP","TOT","USD_CAP","A","2002",115.508,
"CHN","HEALTHEXP","TOT","USD_CAP","A","2003",132.308,
"CHN","HEALTHEXP","TOT","USD_CAP","A","2004",148.743,
"CHN","HEALTHEXP","TOT","USD_CAP","A","2005",169.945,
"CHN","HEALTHEXP","TOT","USD_CAP","A","2006",189.809,
"CHN","HEALTHEXP","TOT","USD_CAP","A","2007",212.374,
"CHN","HEALTHEXP","TOT","USD_CAP","A","2008",258.325,
"CHN","HEALTHEXP","TOT","USD_CAP","A","2009",314.292,
"CHN","HEALTHEXP","TOT","USD_CAP","A","2010",351.867,
"CHN","HEALTHEXP","TOT","USD_CAP","A","2011",415.95,
"CHN","HEALTHEXP","TOT","USD_CAP","A","2012",481.612,
"CHN","HEALTHEXP","TOT","USD_CAP","A","2013",541.019,
"CHN","HEALTHEXP","TOT","USD_CAP","A","2014",589.536,
"CHN","HEALTHEXP","TOT","USD_CAP","A","2015",640.583,
"CHN","HEALTHEXP","TOT","USD_CAP","A","2016",688.003,
"COL","HEALTHEXP","TOT","USD_CAP","A","2000",322.014,
"COL","HEALTHEXP","TOT","USD_CAP","A","2001",332.977,
"COL","HEALTHEXP","TOT","USD_CAP","A","2002",329.158,
"COL","HEALTHEXP","TOT","USD_CAP","A","2003",364.979,
"COL","HEALTHEXP","TOT","USD_CAP","A","2004",359.623,
"COL","HEALTHEXP","TOT","USD_CAP","A","2005",412.785,
"COL","HEALTHEXP","TOT","USD_CAP","A","2006",476.218,
"COL","HEALTHEXP","TOT","USD_CAP","A","2007",513.964,
"COL","HEALTHEXP","TOT","USD_CAP","A","2008",574.319,
"COL","HEALTHEXP","TOT","USD_CAP","A","2009",604.727,
"COL","HEALTHEXP","TOT","USD_CAP","A","2010",627.383,
"COL","HEALTHEXP","TOT","USD_CAP","A","2011",651.933,
"COL","HEALTHEXP","TOT","USD_CAP","A","2012",670.004,
"COL","HEALTHEXP","TOT","USD_CAP","A","2013",933.366,
"COL","HEALTHEXP","TOT","USD_CAP","A","2014",936.053,
"COL","HEALTHEXP","TOT","USD_CAP","A","2015",951.651,
"COL","HEALTHEXP","TOT","USD_CAP","A","2016",932.062,
"COL","HEALTHEXP","TOT","USD_CAP","A","2017",960.169,
"IND","HEALTHEXP","TOT","USD_CAP","A","2000",85.723,
"IND","HEALTHEXP","TOT","USD_CAP","A","2001",95.503,
"IND","HEALTHEXP","TOT","USD_CAP","A","2002",97.851,
"IND","HEALTHEXP","TOT","USD_CAP","A","2003",100.422,
"IND","HEALTHEXP","TOT","USD_CAP","A","2004",110.135,
"IND","HEALTHEXP","TOT","USD_CAP","A","2005",117.333,
"IND","HEALTHEXP","TOT","USD_CAP","A","2006",125.255,
"IND","HEALTHEXP","TOT","USD_CAP","A","2007",134.06,
"IND","HEALTHEXP","TOT","USD_CAP","A","2008",142.809,
"IND","HEALTHEXP","TOT","USD_CAP","A","2009",144.37,
"IND","HEALTHEXP","TOT","USD_CAP","A","2010",145.807,
"IND","HEALTHEXP","TOT","USD_CAP","A","2011",151.846,
"IND","HEALTHEXP","TOT","USD_CAP","A","2012",163.437,
"IND","HEALTHEXP","TOT","USD_CAP","A","2013",187.918,
"IND","HEALTHEXP","TOT","USD_CAP","A","2014",189.57,
"IND","HEALTHEXP","TOT","USD_CAP","A","2015",194.207,
"IND","HEALTHEXP","TOT","USD_CAP","A","2016",208.772,
"IDN","HEALTHEXP","TOT","USD_CAP","A","2000",61.298,
"IDN","HEALTHEXP","TOT","USD_CAP","A","2001",75.286,
"IDN","HEALTHEXP","TOT","USD_CAP","A","2002",70.206,
"IDN","HEALTHEXP","TOT","USD_CAP","A","2003",82.077,
"IDN","HEALTHEXP","TOT","USD_CAP","A","2004",84.33,
"IDN","HEALTHEXP","TOT","USD_CAP","A","2005",111.931,
"IDN","HEALTHEXP","TOT","USD_CAP","A","2006",125.408,
"IDN","HEALTHEXP","TOT","USD_CAP","A","2007",152.294,
"IDN","HEALTHEXP","TOT","USD_CAP","A","2008",162.04,
"IDN","HEALTHEXP","TOT","USD_CAP","A","2009",174.102,
"IDN","HEALTHEXP","TOT","USD_CAP","A","2010",212.676,
"IDN","HEALTHEXP","TOT","USD_CAP","A","2011",233.749,
"IDN","HEALTHEXP","TOT","USD_CAP","A","2012",243.762,
"IDN","HEALTHEXP","TOT","USD_CAP","A","2013",259.073,
"IDN","HEALTHEXP","TOT","USD_CAP","A","2014",284.636,
"IDN","HEALTHEXP","TOT","USD_CAP","A","2015",278.063,
"IDN","HEALTHEXP","TOT","USD_CAP","A","2016",300.546,
"LVA","HEALTHEXP","TOT","USD_CAP","A","2000",463.808,"E"
"LVA","HEALTHEXP","TOT","USD_CAP","A","2001",552.203,"E"
"LVA","HEALTHEXP","TOT","USD_CAP","A","2002",630.85,"E"
"LVA","HEALTHEXP","TOT","USD_CAP","A","2003",637.612,"E"
"LVA","HEALTHEXP","TOT","USD_CAP","A","2004",796.519,
"LVA","HEALTHEXP","TOT","USD_CAP","A","2005",839.732,
"LVA","HEALTHEXP","TOT","USD_CAP","A","2006",937.959,
"LVA","HEALTHEXP","TOT","USD_CAP","A","2007",1084.439,
"LVA","HEALTHEXP","TOT","USD_CAP","A","2008",1118.341,
"LVA","HEALTHEXP","TOT","USD_CAP","A","2009",1009.286,
"LVA","HEALTHEXP","TOT","USD_CAP","A","2010",1075.724,
"LVA","HEALTHEXP","TOT","USD_CAP","A","2011",1077.558,
"LVA","HEALTHEXP","TOT","USD_CAP","A","2012",1156.188,
"LVA","HEALTHEXP","TOT","USD_CAP","A","2013",1229.691,
"LVA","HEALTHEXP","TOT","USD_CAP","A","2014",1286.477,
"LVA","HEALTHEXP","TOT","USD_CAP","A","2015",1405.023,
"LVA","HEALTHEXP","TOT","USD_CAP","A","2016",1582.955,
"LVA","HEALTHEXP","TOT","USD_CAP","A","2017",1649.277,
"LVA","HEALTHEXP","TOT","USD_CAP","A","2018",1748.537,"E"
"LTU","HEALTHEXP","TOT","USD_CAP","A","2000",573.903,"E"
"LTU","HEALTHEXP","TOT","USD_CAP","A","2001",605.969,"E"
"LTU","HEALTHEXP","TOT","USD_CAP","A","2002",711.87,"E"
"LTU","HEALTHEXP","TOT","USD_CAP","A","2003",816.535,"E"
"LTU","HEALTHEXP","TOT","USD_CAP","A","2004",789.513,"B"
"LTU","HEALTHEXP","TOT","USD_CAP","A","2005",885.726,
"LTU","HEALTHEXP","TOT","USD_CAP","A","2006",1010.132,
"LTU","HEALTHEXP","TOT","USD_CAP","A","2007",1158.653,"B"
"LTU","HEALTHEXP","TOT","USD_CAP","A","2008",1347.199,
"LTU","HEALTHEXP","TOT","USD_CAP","A","2009",1326.402,
"LTU","HEALTHEXP","TOT","USD_CAP","A","2010",1371.141,
"LTU","HEALTHEXP","TOT","USD_CAP","A","2011",1484.753,
"LTU","HEALTHEXP","TOT","USD_CAP","A","2012",1568.003,
"LTU","HEALTHEXP","TOT","USD_CAP","A","2013",1662.577,
"LTU","HEALTHEXP","TOT","USD_CAP","A","2014",1781.674,
"LTU","HEALTHEXP","TOT","USD_CAP","A","2015",1917.586,
"LTU","HEALTHEXP","TOT","USD_CAP","A","2016",2057.825,
"LTU","HEALTHEXP","TOT","USD_CAP","A","2017",2182.469,
"LTU","HEALTHEXP","TOT","USD_CAP","A","2018",2415.823,"P"
"RUS","HEALTHEXP","TOT","USD_CAP","A","2000",446.85,
"RUS","HEALTHEXP","TOT","USD_CAP","A","2001",482.047,
"RUS","HEALTHEXP","TOT","USD_CAP","A","2002",580.925,
"RUS","HEALTHEXP","TOT","USD_CAP","A","2003",588.887,
"RUS","HEALTHEXP","TOT","USD_CAP","A","2004",624.367,
"RUS","HEALTHEXP","TOT","USD_CAP","A","2005",704.441,
"RUS","HEALTHEXP","TOT","USD_CAP","A","2006",858.191,
"RUS","HEALTHEXP","TOT","USD_CAP","A","2007",987.348,
"RUS","HEALTHEXP","TOT","USD_CAP","A","2008",1202.237,
"RUS","HEALTHEXP","TOT","USD_CAP","A","2009",1209.428,
"RUS","HEALTHEXP","TOT","USD_CAP","A","2010",1205.122,
"RUS","HEALTHEXP","TOT","USD_CAP","A","2011",1358.963,
"RUS","HEALTHEXP","TOT","USD_CAP","A","2012",1498.673,
"RUS","HEALTHEXP","TOT","USD_CAP","A","2013",1405.386,
"RUS","HEALTHEXP","TOT","USD_CAP","A","2014",1508.922,"B"
"RUS","HEALTHEXP","TOT","USD_CAP","A","2015",1424.522,
"RUS","HEALTHEXP","TOT","USD_CAP","A","2016",1419.473,
"RUS","HEALTHEXP","TOT","USD_CAP","A","2017",1513.667,
"ZAF","HEALTHEXP","TOT","USD_CAP","A","2000",503.801,
"ZAF","HEALTHEXP","TOT","USD_CAP","A","2001",527.001,
"ZAF","HEALTHEXP","TOT","USD_CAP","A","2002",531.567,
"ZAF","HEALTHEXP","TOT","USD_CAP","A","2003",558.737,
"ZAF","HEALTHEXP","TOT","USD_CAP","A","2004",581.239,
"ZAF","HEALTHEXP","TOT","USD_CAP","A","2005",613.112,
"ZAF","HEALTHEXP","TOT","USD_CAP","A","2006",665.307,
"ZAF","HEALTHEXP","TOT","USD_CAP","A","2007",705.318,
"ZAF","HEALTHEXP","TOT","USD_CAP","A","2008",757.062,
"ZAF","HEALTHEXP","TOT","USD_CAP","A","2009",792.189,
"ZAF","HEALTHEXP","TOT","USD_CAP","A","2010",865.455,
"ZAF","HEALTHEXP","TOT","USD_CAP","A","2011",921.673,
"ZAF","HEALTHEXP","TOT","USD_CAP","A","2012",971.706,
"ZAF","HEALTHEXP","TOT","USD_CAP","A","2013",995.6,
"ZAF","HEALTHEXP","TOT","USD_CAP","A","2014",1038.903,
"ZAF","HEALTHEXP","TOT","USD_CAP","A","2015",1075.208,
"ZAF","HEALTHEXP","TOT","USD_CAP","A","2016",1071.555,
"OAVG","HEALTHEXP","TOT","USD_CAP","A","2003",2210.521167,
"OAVG","HEALTHEXP","TOT","USD_CAP","A","2004",2352.908861,
"OAVG","HEALTHEXP","TOT","USD_CAP","A","2005",2439.394944,
"OAVG","HEALTHEXP","TOT","USD_CAP","A","2006",2580.40575,
"OAVG","HEALTHEXP","TOT","USD_CAP","A","2007",2733.358056,
"OAVG","HEALTHEXP","TOT","USD_CAP","A","2008",2905.834056,
"OAVG","HEALTHEXP","TOT","USD_CAP","A","2009",2998.850472,
"OAVG","HEALTHEXP","TOT","USD_CAP","A","2010",3079.891417,
"OAVG","HEALTHEXP","TOT","USD_CAP","A","2011",3164.599694,
"OAVG","HEALTHEXP","TOT","USD_CAP","A","2012",3283.21725,
"OAVG","HEALTHEXP","TOT","USD_CAP","A","2013",3403.556444,
"OAVG","HEALTHEXP","TOT","USD_CAP","A","2014",3480.485861,
"OAVG","HEALTHEXP","TOT","USD_CAP","A","2015",3586.057556,
"OAVG","HEALTHEXP","TOT","USD_CAP","A","2016",3715.241694,
"OAVG","HEALTHEXP","TOT","USD_CAP","A","2017",3854.404417,
"OAVG","HEALTHEXP","TOT","USD_CAP","A","2018",3992.349611,
"CRI","HEALTHEXP","TOT","USD_CAP","A","2000",490.272,
"CRI","HEALTHEXP","TOT","USD_CAP","A","2001",497.176,
"CRI","HEALTHEXP","TOT","USD_CAP","A","2002",547.758,
"CRI","HEALTHEXP","TOT","USD_CAP","A","2003",589.986,
"CRI","HEALTHEXP","TOT","USD_CAP","A","2004",597.78,
"CRI","HEALTHEXP","TOT","USD_CAP","A","2005",631.851,
"CRI","HEALTHEXP","TOT","USD_CAP","A","2006",727.44,
"CRI","HEALTHEXP","TOT","USD_CAP","A","2007",813.71,
"CRI","HEALTHEXP","TOT","USD_CAP","A","2008",914.626,
"CRI","HEALTHEXP","TOT","USD_CAP","A","2009",953.045,
"CRI","HEALTHEXP","TOT","USD_CAP","A","2010",1037.144,
"CRI","HEALTHEXP","TOT","USD_CAP","A","2011",1111.038,
"CRI","HEALTHEXP","TOT","USD_CAP","A","2012",1128.683,
"CRI","HEALTHEXP","TOT","USD_CAP","A","2013",1136.607,
"CRI","HEALTHEXP","TOT","USD_CAP","A","2014",1197.279,
"CRI","HEALTHEXP","TOT","USD_CAP","A","2015",1254.069,
"CRI","HEALTHEXP","TOT","USD_CAP","A","2016",1284.833,
"BGR","HEALTHEXP","TOT","USD_CAP","A","2000",386.235,"E"
"BGR","HEALTHEXP","TOT","USD_CAP","A","2001",482.964,"E"
"BGR","HEALTHEXP","TOT","USD_CAP","A","2002",570.815,"E"
"BGR","HEALTHEXP","TOT","USD_CAP","A","2003",626.094,
"BGR","HEALTHEXP","TOT","USD_CAP","A","2004",655.617,
"BGR","HEALTHEXP","TOT","USD_CAP","A","2005",711.303,
"BGR","HEALTHEXP","TOT","USD_CAP","A","2006",725.534,
"BGR","HEALTHEXP","TOT","USD_CAP","A","2007",780.819,
"BGR","HEALTHEXP","TOT","USD_CAP","A","2008",872.776,
"BGR","HEALTHEXP","TOT","USD_CAP","A","2009",899.048,
"BGR","HEALTHEXP","TOT","USD_CAP","A","2010",1032.312,
"BGR","HEALTHEXP","TOT","USD_CAP","A","2011",1137.574,
"BGR","HEALTHEXP","TOT","USD_CAP","A","2012",1256.274,
"BGR","HEALTHEXP","TOT","USD_CAP","A","2013",1359.098,
"BGR","HEALTHEXP","TOT","USD_CAP","A","2014",1550.423,
"BGR","HEALTHEXP","TOT","USD_CAP","A","2015",1576.52,
"BGR","HEALTHEXP","TOT","USD_CAP","A","2016",1713.23,
"BGR","HEALTHEXP","TOT","USD_CAP","A","2017",1782.754,
"HRV","HEALTHEXP","TOT","USD_CAP","A","2000",828.344,"E"
"HRV","HEALTHEXP","TOT","USD_CAP","A","2001",848.242,"E"
"HRV","HEALTHEXP","TOT","USD_CAP","A","2002",826.44,"E"
"HRV","HEALTHEXP","TOT","USD_CAP","A","2003",898.086,"E"
"HRV","HEALTHEXP","TOT","USD_CAP","A","2004",986.343,"E"
"HRV","HEALTHEXP","TOT","USD_CAP","A","2005",1058.367,"E"
"HRV","HEALTHEXP","TOT","USD_CAP","A","2006",1176.77,"E"
"HRV","HEALTHEXP","TOT","USD_CAP","A","2007",1391.299,"E"
"HRV","HEALTHEXP","TOT","USD_CAP","A","2008",1550.573,"E"
"HRV","HEALTHEXP","TOT","USD_CAP","A","2009",1556.025,"E"
"HRV","HEALTHEXP","TOT","USD_CAP","A","2010",1561.342,"E"
"HRV","HEALTHEXP","TOT","USD_CAP","A","2011",1504.655,"B"
"HRV","HEALTHEXP","TOT","USD_CAP","A","2012",1548.452,
"HRV","HEALTHEXP","TOT","USD_CAP","A","2013",1359.842,"B"
"HRV","HEALTHEXP","TOT","USD_CAP","A","2014",1426.643,
"HRV","HEALTHEXP","TOT","USD_CAP","A","2015",1506.211,
"HRV","HEALTHEXP","TOT","USD_CAP","A","2016",1638.754,
"HRV","HEALTHEXP","TOT","USD_CAP","A","2017",1715.53,
"CYP","HEALTHEXP","TOT","USD_CAP","A","2000",1153.804,"E"
"CYP","HEALTHEXP","TOT","USD_CAP","A","2001",1227.595,"E"
"CYP","HEALTHEXP","TOT","USD_CAP","A","2002",1361.169,"E"
"CYP","HEALTHEXP","TOT","USD_CAP","A","2003",1399.818,
"CYP","HEALTHEXP","TOT","USD_CAP","A","2004",1428.069,
"CYP","HEALTHEXP","TOT","USD_CAP","A","2005",1484.064,
"CYP","HEALTHEXP","TOT","USD_CAP","A","2006",1574.796,
"CYP","HEALTHEXP","TOT","USD_CAP","A","2007",1712.324,
"CYP","HEALTHEXP","TOT","USD_CAP","A","2008",2041.556,
"CYP","HEALTHEXP","TOT","USD_CAP","A","2009",2074.905,
"CYP","HEALTHEXP","TOT","USD_CAP","A","2010",1986.19,"B"
"CYP","HEALTHEXP","TOT","USD_CAP","A","2011",2059.757,
"CYP","HEALTHEXP","TOT","USD_CAP","A","2012",2035.371,
"CYP","HEALTHEXP","TOT","USD_CAP","A","2013",2020.538,
"CYP","HEALTHEXP","TOT","USD_CAP","A","2014",1997.522,
"CYP","HEALTHEXP","TOT","USD_CAP","A","2015",2066.809,
"CYP","HEALTHEXP","TOT","USD_CAP","A","2016",2187.812,
"CYP","HEALTHEXP","TOT","USD_CAP","A","2017",2276.756,
"MLT","HEALTHEXP","TOT","USD_CAP","A","2000",1204.592,"E"
"MLT","HEALTHEXP","TOT","USD_CAP","A","2001",1304.615,"E"
"MLT","HEALTHEXP","TOT","USD_CAP","A","2002",1552.463,"E"
"MLT","HEALTHEXP","TOT","USD_CAP","A","2003",1685.263,"E"
"MLT","HEALTHEXP","TOT","USD_CAP","A","2004",1760.739,"E"
"MLT","HEALTHEXP","TOT","USD_CAP","A","2005",1938.219,"E"
"MLT","HEALTHEXP","TOT","USD_CAP","A","2006",1992.898,"E"
"MLT","HEALTHEXP","TOT","USD_CAP","A","2007",2010.64,"E"
"MLT","HEALTHEXP","TOT","USD_CAP","A","2008",2018.255,"E"
"MLT","HEALTHEXP","TOT","USD_CAP","A","2009",2026.139,"E"
"MLT","HEALTHEXP","TOT","USD_CAP","A","2010",2193.748,"E"
"MLT","HEALTHEXP","TOT","USD_CAP","A","2011",2327.494,"E"
"MLT","HEALTHEXP","TOT","USD_CAP","A","2012",2551.614,"E"
"MLT","HEALTHEXP","TOT","USD_CAP","A","2013",2803.195,"E"
"MLT","HEALTHEXP","TOT","USD_CAP","A","2014",2980.408,
"MLT","HEALTHEXP","TOT","USD_CAP","A","2015",3216.339,
"MLT","HEALTHEXP","TOT","USD_CAP","A","2016",3398.83,
"MLT","HEALTHEXP","TOT","USD_CAP","A","2017",3714.601,
"ROU","HEALTHEXP","TOT","USD_CAP","A","2000",257.144,"E"
"ROU","HEALTHEXP","TOT","USD_CAP","A","2001",305.267,"E"
"ROU","HEALTHEXP","TOT","USD_CAP","A","2002",362.508,"E"
"ROU","HEALTHEXP","TOT","USD_CAP","A","2003",437.585,
"ROU","HEALTHEXP","TOT","USD_CAP","A","2004",527.885,
"ROU","HEALTHEXP","TOT","USD_CAP","A","2005",542.402,
"ROU","HEALTHEXP","TOT","USD_CAP","A","2006",577.427,
"ROU","HEALTHEXP","TOT","USD_CAP","A","2007",684.287,
"ROU","HEALTHEXP","TOT","USD_CAP","A","2008",834.548,
"ROU","HEALTHEXP","TOT","USD_CAP","A","2009",843.73,
"ROU","HEALTHEXP","TOT","USD_CAP","A","2010",978.707,
"ROU","HEALTHEXP","TOT","USD_CAP","A","2011",833.251,"B"
"ROU","HEALTHEXP","TOT","USD_CAP","A","2012",889.512,
"ROU","HEALTHEXP","TOT","USD_CAP","A","2013",1035.044,
"ROU","HEALTHEXP","TOT","USD_CAP","A","2014",1047.791,
"ROU","HEALTHEXP","TOT","USD_CAP","A","2015",1087.612,
"ROU","HEALTHEXP","TOT","USD_CAP","A","2016",1229.375,
"ROU","HEALTHEXP","TOT","USD_CAP","A","2017",1399.628,
